[
    {
    "title":"HTML",
    "subtitles":{}
    },
    {
    "title":"CSS",
    "subtitles":{}
    },
    {
    "title":"JavaScript",
    "subtitles":{}
    },
    {
    "title":"React",
    "subtitles":{}
    },
    {
    "title":"Bootstrap",
    "subtitles":{}
    },
    {
    "title":"Tailwind",
    "subtitles":{}
    },
    {
    "title":"AJAX",
    "subtitles":{}
    },
    {
    "title":"Jquery",
    "subtitles":{}
    },
    {
    "title":"React fiber",
    "subtitles":{}
    },
    {
    "title":"Three",
    "subtitles":{}
    },
    {
    "title":"Node",
    "subtitles":{}
    },
    {
    "title":"Express",
    "subtitles":{}
    },
    {
    "title":"MongoDb",
    "subtitles":{}
    },
    {
    "title":"MYSQL",
    "subtitles":{}
    },
    {
    "title":"PHP",
    "subtitles":{}
    },
    {
    "title":"Django",
    "subtitles":{}
    },
    {
    "title":"Laravel",
    "subtitles":{}
    },
    {
    "title":"Docker",
    "subtitles":{}
    },
    {
    "title":"CI/CD",
    "subtitles":{}
    },
    {
    "title":"AWS",
    "subtitles":{}
    },
    {
    "title":"Azure",
    "subtitles":{}
    }
]